{
    "scene": {
        "ambientLight": 0.30000001192092898,
        "ambientLightPosition": {
            "x": 0.0,
            "y": 10.0,
            "z": 10.0
        }
    },
    "sceneCamera": {
        "componentType": "CAMERA",
        "frustum.nearPlaneDistance": 0.10000000149011612,
        "frustum.farPlaneDistance": 420.0,
        "frustum.pos": {
            "x": 0.6221272349357605,
            "y": 10.134636878967286,
            "z": 11.81198787689209
        },
        "frustum.front": {
            "x": 0.00781654566526413,
            "y": -0.5804523229598999,
            "z": -0.8142568469047546
        },
        "frustum.up": {
            "x": 0.00557185523211956,
            "y": 0.8142943978309631,
            "z": -0.5804253220558167
        },
        "debugDraw": true,
        "wireFrame": 6914
    },
    "gameObjects": [
        {
            "uuid": "4051cf2d-0ee6-4f22-af50-d069f80cfc6c",
            "name": "root",
            "enabled": true,
            "static": false,
            "components": []
        },
        {
            "uuid": "bf21374b-fa31-422d-b5bc-47f9c60e8882",
            "name": "GameObject",
            "parent": "4051cf2d-0ee6-4f22-af50-d069f80cfc6c",
            "enabled": true,
            "static": false,
            "components": [
                {
                    "componentType": "TRANSFORM",
                    "parentUuid": "bf21374b-fa31-422d-b5bc-47f9c60e8882",
                    "uuid": "17bc6dab-4e73-4180-9632-ac13a5d55b28",
                    "position": {
                        "x": -2.5999999046325685,
                        "y": 0.0,
                        "z": -0.10000000149011612
                    },
                    "rotation": {
                        "x": 0.0,
                        "y": 0.0,
                        "z": 0.0,
                        "w": 1.0
                    },
                    "eulerRotation": {
                        "x": -0.0,
                        "y": 0.0,
                        "z": -0.0
                    },
                    "scale": {
                        "x": 1.0,
                        "y": 1.0,
                        "z": 1.0
                    }
                },
                {
                    "componentType": "MATERIAL",
                    "parent": "bf21374b-fa31-422d-b5bc-47f9c60e8882",
                    "diffuseSelected": "",
                    "diffuseColor": {
                        "x": 1.0,
                        "y": 1.0,
                        "z": 1.0,
                        "w": 1.0
                    },
                    "diffuseK": 1.0,
                    "occlusionSelected": "",
                    "ambientK": 0.5,
                    "specularSelected": "",
                    "specularColor": {
                        "x": 1.0,
                        "y": 1.0,
                        "z": 1.0,
                        "w": 1.0
                    },
                    "specularK": 0.6000000238418579,
                    "shininess": 64.0,
                    "emissiveSelected": "",
                    "emissiveColor": {
                        "x": 0.0,
                        "y": 0.0,
                        "z": 0.0,
                        "w": 0.0
                    }
                },
                {
                    "componentType": "MESH",
                    "parent": "bf21374b-fa31-422d-b5bc-47f9c60e8882",
                    "currentMesh": "bakerhouse_1.head"
                }
            ]
        },
        {
            "uuid": "c557aa67-d59a-4764-b680-b93edc232f4c",
            "name": "GameObject",
            "parent": "4051cf2d-0ee6-4f22-af50-d069f80cfc6c",
            "enabled": true,
            "static": false,
            "components": [
                {
                    "componentType": "TRANSFORM",
                    "parentUuid": "c557aa67-d59a-4764-b680-b93edc232f4c",
                    "uuid": "45b472a4-e919-4b9e-984e-9d1fa01463ff",
                    "position": {
                        "x": 2.700000047683716,
                        "y": 0.0,
                        "z": 0.0
                    },
                    "rotation": {
                        "x": 0.0,
                        "y": 0.0,
                        "z": 0.0,
                        "w": 1.0
                    },
                    "eulerRotation": {
                        "x": -0.0,
                        "y": 0.0,
                        "z": -0.0
                    },
                    "scale": {
                        "x": 1.0,
                        "y": 1.0,
                        "z": 1.0
                    }
                },
                {
                    "componentType": "MATERIAL",
                    "parent": "c557aa67-d59a-4764-b680-b93edc232f4c",
                    "diffuseSelected": "",
                    "diffuseColor": {
                        "x": 1.0,
                        "y": 1.0,
                        "z": 1.0,
                        "w": 1.0
                    },
                    "diffuseK": 1.0,
                    "occlusionSelected": "",
                    "ambientK": 0.5,
                    "specularSelected": "",
                    "specularColor": {
                        "x": 1.0,
                        "y": 1.0,
                        "z": 1.0,
                        "w": 1.0
                    },
                    "specularK": 0.6000000238418579,
                    "shininess": 64.0,
                    "emissiveSelected": "",
                    "emissiveColor": {
                        "x": 0.0,
                        "y": 0.0,
                        "z": 0.0,
                        "w": 0.0
                    }
                },
                {
                    "componentType": "MESH",
                    "parent": "c557aa67-d59a-4764-b680-b93edc232f4c",
                    "currentMesh": "bakerhouse_1.head"
                }
            ]
        }
    ]
}